GEO.id,GEO.id2,GEO.display-label,HD01_VD01,HD02_VD01
Id,Id2,Geography,Estimate; Median gross rent,Margin of Error; Median gross rent
1500000US220710001001,220710001001,"Block Group 1, Census Tract 1, Orleans Parish, Louisiana",857,56
1500000US220710001002,220710001002,"Block Group 2, Census Tract 1, Orleans Parish, Louisiana",864,181
1500000US220710001003,220710001003,"Block Group 3, Census Tract 1, Orleans Parish, Louisiana",1072,74
1500000US220710002001,220710002001,"Block Group 1, Census Tract 2, Orleans Parish, Louisiana",713,211
1500000US220710002002,220710002002,"Block Group 2, Census Tract 2, Orleans Parish, Louisiana",920,81
1500000US220710003001,220710003001,"Block Group 1, Census Tract 3, Orleans Parish, Louisiana",665,187
1500000US220710003002,220710003002,"Block Group 2, Census Tract 3, Orleans Parish, Louisiana",958,175
1500000US220710004001,220710004001,"Block Group 1, Census Tract 4, Orleans Parish, Louisiana",978,138
1500000US220710004002,220710004002,"Block Group 2, Census Tract 4, Orleans Parish, Louisiana",750,364
1500000US220710006011,220710006011,"Block Group 1, Census Tract 6.01, Orleans Parish, Louisiana",258,161
1500000US220710006012,220710006012,"Block Group 2, Census Tract 6.01, Orleans Parish, Louisiana",661,416
1500000US220710006021,220710006021,"Block Group 1, Census Tract 6.02, Orleans Parish, Louisiana",971,91
1500000US220710006022,220710006022,"Block Group 2, Census Tract 6.02, Orleans Parish, Louisiana",936,137
1500000US220710006023,220710006023,"Block Group 3, Census Tract 6.02, Orleans Parish, Louisiana",845,153
1500000US220710006031,220710006031,"Block Group 1, Census Tract 6.03, Orleans Parish, Louisiana",926,357
1500000US220710006032,220710006032,"Block Group 2, Census Tract 6.03, Orleans Parish, Louisiana",961,111
1500000US220710006041,220710006041,"Block Group 1, Census Tract 6.04, Orleans Parish, Louisiana",1040,168
1500000US220710006042,220710006042,"Block Group 2, Census Tract 6.04, Orleans Parish, Louisiana",816,94
1500000US220710006043,220710006043,"Block Group 3, Census Tract 6.04, Orleans Parish, Louisiana",945,196
1500000US220710006051,220710006051,"Block Group 1, Census Tract 6.05, Orleans Parish, Louisiana",696,224
1500000US220710006052,220710006052,"Block Group 2, Census Tract 6.05, Orleans Parish, Louisiana",1280,565
1500000US220710006053,220710006053,"Block Group 3, Census Tract 6.05, Orleans Parish, Louisiana",1491,201
1500000US220710006061,220710006061,"Block Group 1, Census Tract 6.06, Orleans Parish, Louisiana",1027,215
1500000US220710006062,220710006062,"Block Group 2, Census Tract 6.06, Orleans Parish, Louisiana",1398,386
1500000US220710006063,220710006063,"Block Group 3, Census Tract 6.06, Orleans Parish, Louisiana",-,**
1500000US220710006071,220710006071,"Block Group 1, Census Tract 6.07, Orleans Parish, Louisiana",-,**
1500000US220710006072,220710006072,"Block Group 2, Census Tract 6.07, Orleans Parish, Louisiana",1652,1257
1500000US220710006073,220710006073,"Block Group 3, Census Tract 6.07, Orleans Parish, Louisiana",1288,297
1500000US220710006111,220710006111,"Block Group 1, Census Tract 6.11, Orleans Parish, Louisiana",583,202
1500000US220710006112,220710006112,"Block Group 2, Census Tract 6.11, Orleans Parish, Louisiana",962,101
1500000US220710006121,220710006121,"Block Group 1, Census Tract 6.12, Orleans Parish, Louisiana",625,172
1500000US220710006131,220710006131,"Block Group 1, Census Tract 6.13, Orleans Parish, Louisiana",1040,607
1500000US220710006132,220710006132,"Block Group 2, Census Tract 6.13, Orleans Parish, Louisiana",807,52
1500000US220710006133,220710006133,"Block Group 3, Census Tract 6.13, Orleans Parish, Louisiana",633,53
1500000US220710006151,220710006151,"Block Group 1, Census Tract 6.15, Orleans Parish, Louisiana",777,46
1500000US220710006152,220710006152,"Block Group 2, Census Tract 6.15, Orleans Parish, Louisiana",755,31
1500000US220710006161,220710006161,"Block Group 1, Census Tract 6.16, Orleans Parish, Louisiana",1319,103
1500000US220710006162,220710006162,"Block Group 2, Census Tract 6.16, Orleans Parish, Louisiana",846,83
1500000US220710006163,220710006163,"Block Group 3, Census Tract 6.16, Orleans Parish, Louisiana",-,**
1500000US220710006171,220710006171,"Block Group 1, Census Tract 6.17, Orleans Parish, Louisiana",820,88
1500000US220710006172,220710006172,"Block Group 2, Census Tract 6.17, Orleans Parish, Louisiana",893,32
1500000US220710006181,220710006181,"Block Group 1, Census Tract 6.18, Orleans Parish, Louisiana",-,**
1500000US220710006182,220710006182,"Block Group 2, Census Tract 6.18, Orleans Parish, Louisiana",706,77
1500000US220710007011,220710007011,"Block Group 1, Census Tract 7.01, Orleans Parish, Louisiana",380,25
1500000US220710007012,220710007012,"Block Group 2, Census Tract 7.01, Orleans Parish, Louisiana",-,**
1500000US220710007013,220710007013,"Block Group 3, Census Tract 7.01, Orleans Parish, Louisiana",-,**
1500000US220710007014,220710007014,"Block Group 4, Census Tract 7.01, Orleans Parish, Louisiana",907,331
1500000US220710007021,220710007021,"Block Group 1, Census Tract 7.02, Orleans Parish, Louisiana",833,70
1500000US220710007022,220710007022,"Block Group 2, Census Tract 7.02, Orleans Parish, Louisiana",1190,439
1500000US220710007023,220710007023,"Block Group 3, Census Tract 7.02, Orleans Parish, Louisiana",789,617
1500000US220710007024,220710007024,"Block Group 4, Census Tract 7.02, Orleans Parish, Louisiana",988,497
1500000US220710008001,220710008001,"Block Group 1, Census Tract 8, Orleans Parish, Louisiana",818,195
1500000US220710008002,220710008002,"Block Group 2, Census Tract 8, Orleans Parish, Louisiana",869,118
1500000US220710008003,220710008003,"Block Group 3, Census Tract 8, Orleans Parish, Louisiana",1117,280
1500000US220710009011,220710009011,"Block Group 1, Census Tract 9.01, Orleans Parish, Louisiana",-,**
1500000US220710009012,220710009012,"Block Group 2, Census Tract 9.01, Orleans Parish, Louisiana",-,**
1500000US220710009013,220710009013,"Block Group 3, Census Tract 9.01, Orleans Parish, Louisiana",927,530
1500000US220710009014,220710009014,"Block Group 4, Census Tract 9.01, Orleans Parish, Louisiana",1038,830
1500000US220710009021,220710009021,"Block Group 1, Census Tract 9.02, Orleans Parish, Louisiana",-,**
1500000US220710009022,220710009022,"Block Group 2, Census Tract 9.02, Orleans Parish, Louisiana",-,**
1500000US220710009023,220710009023,"Block Group 3, Census Tract 9.02, Orleans Parish, Louisiana",-,**
1500000US220710009024,220710009024,"Block Group 4, Census Tract 9.02, Orleans Parish, Louisiana",-,**
1500000US220710009031,220710009031,"Block Group 1, Census Tract 9.03, Orleans Parish, Louisiana",692,137
1500000US220710009032,220710009032,"Block Group 2, Census Tract 9.03, Orleans Parish, Louisiana",731,166
1500000US220710009033,220710009033,"Block Group 3, Census Tract 9.03, Orleans Parish, Louisiana",-,**
1500000US220710009034,220710009034,"Block Group 4, Census Tract 9.03, Orleans Parish, Louisiana",-,**
1500000US220710009041,220710009041,"Block Group 1, Census Tract 9.04, Orleans Parish, Louisiana",536,82
1500000US220710009042,220710009042,"Block Group 2, Census Tract 9.04, Orleans Parish, Louisiana",950,857
1500000US220710011001,220710011001,"Block Group 1, Census Tract 11, Orleans Parish, Louisiana",794,223
1500000US220710011002,220710011002,"Block Group 2, Census Tract 11, Orleans Parish, Louisiana",924,56
1500000US220710011003,220710011003,"Block Group 3, Census Tract 11, Orleans Parish, Louisiana",-,**
1500000US220710012001,220710012001,"Block Group 1, Census Tract 12, Orleans Parish, Louisiana",1008,207
1500000US220710012002,220710012002,"Block Group 2, Census Tract 12, Orleans Parish, Louisiana",1013,129
1500000US220710012003,220710012003,"Block Group 3, Census Tract 12, Orleans Parish, Louisiana",1030,81
1500000US220710013011,220710013011,"Block Group 1, Census Tract 13.01, Orleans Parish, Louisiana",822,411
1500000US220710013012,220710013012,"Block Group 2, Census Tract 13.01, Orleans Parish, Louisiana",1059,148
1500000US220710013013,220710013013,"Block Group 3, Census Tract 13.01, Orleans Parish, Louisiana",882,162
1500000US220710013014,220710013014,"Block Group 4, Census Tract 13.01, Orleans Parish, Louisiana",560,533
1500000US220710013021,220710013021,"Block Group 1, Census Tract 13.02, Orleans Parish, Louisiana",942,45
1500000US220710013022,220710013022,"Block Group 2, Census Tract 13.02, Orleans Parish, Louisiana",882,222
1500000US220710014011,220710014011,"Block Group 1, Census Tract 14.01, Orleans Parish, Louisiana",698,50
1500000US220710014012,220710014012,"Block Group 2, Census Tract 14.01, Orleans Parish, Louisiana",-,**
1500000US220710014013,220710014013,"Block Group 3, Census Tract 14.01, Orleans Parish, Louisiana",1069,210
1500000US220710014014,220710014014,"Block Group 4, Census Tract 14.01, Orleans Parish, Louisiana",1036,453
1500000US220710014015,220710014015,"Block Group 5, Census Tract 14.01, Orleans Parish, Louisiana",-,**
1500000US220710014016,220710014016,"Block Group 6, Census Tract 14.01, Orleans Parish, Louisiana",-,**
1500000US220710014021,220710014021,"Block Group 1, Census Tract 14.02, Orleans Parish, Louisiana",-,**
1500000US220710014022,220710014022,"Block Group 2, Census Tract 14.02, Orleans Parish, Louisiana",925,681
1500000US220710014023,220710014023,"Block Group 3, Census Tract 14.02, Orleans Parish, Louisiana",803,624
1500000US220710014024,220710014024,"Block Group 4, Census Tract 14.02, Orleans Parish, Louisiana",835,96
1500000US220710015001,220710015001,"Block Group 1, Census Tract 15, Orleans Parish, Louisiana",871,205
1500000US220710015002,220710015002,"Block Group 2, Census Tract 15, Orleans Parish, Louisiana",858,110
1500000US220710016001,220710016001,"Block Group 1, Census Tract 16, Orleans Parish, Louisiana",-,**
1500000US220710017011,220710017011,"Block Group 1, Census Tract 17.01, Orleans Parish, Louisiana",1422,230
1500000US220710017012,220710017012,"Block Group 2, Census Tract 17.01, Orleans Parish, Louisiana",1514,423
1500000US220710017013,220710017013,"Block Group 3, Census Tract 17.01, Orleans Parish, Louisiana",1156,569
1500000US220710017021,220710017021,"Block Group 1, Census Tract 17.02, Orleans Parish, Louisiana",1406,462
1500000US220710017022,220710017022,"Block Group 2, Census Tract 17.02, Orleans Parish, Louisiana",805,464
1500000US220710017023,220710017023,"Block Group 3, Census Tract 17.02, Orleans Parish, Louisiana",1442,312
1500000US220710017024,220710017024,"Block Group 4, Census Tract 17.02, Orleans Parish, Louisiana",795,116
1500000US220710017201,220710017201,"Block Group 1, Census Tract 17.20, Orleans Parish, Louisiana",1333,271
1500000US220710017202,220710017202,"Block Group 2, Census Tract 17.20, Orleans Parish, Louisiana",1012,734
1500000US220710017203,220710017203,"Block Group 3, Census Tract 17.20, Orleans Parish, Louisiana",1077,197
1500000US220710017204,220710017204,"Block Group 4, Census Tract 17.20, Orleans Parish, Louisiana",843,437
1500000US220710017221,220710017221,"Block Group 1, Census Tract 17.22, Orleans Parish, Louisiana",990,252
1500000US220710017222,220710017222,"Block Group 2, Census Tract 17.22, Orleans Parish, Louisiana",1125,667
1500000US220710017223,220710017223,"Block Group 3, Census Tract 17.22, Orleans Parish, Louisiana",948,47
1500000US220710017224,220710017224,"Block Group 4, Census Tract 17.22, Orleans Parish, Louisiana",-,**
1500000US220710017225,220710017225,"Block Group 5, Census Tract 17.22, Orleans Parish, Louisiana",663,377
1500000US220710017226,220710017226,"Block Group 6, Census Tract 17.22, Orleans Parish, Louisiana",-,**
1500000US220710017227,220710017227,"Block Group 7, Census Tract 17.22, Orleans Parish, Louisiana",-,**
1500000US220710017231,220710017231,"Block Group 1, Census Tract 17.23, Orleans Parish, Louisiana",-,**
1500000US220710017232,220710017232,"Block Group 2, Census Tract 17.23, Orleans Parish, Louisiana",288,60
1500000US220710017233,220710017233,"Block Group 3, Census Tract 17.23, Orleans Parish, Louisiana",960,24
1500000US220710017234,220710017234,"Block Group 4, Census Tract 17.23, Orleans Parish, Louisiana",975,651
1500000US220710017241,220710017241,"Block Group 1, Census Tract 17.24, Orleans Parish, Louisiana",1055,1297
1500000US220710017242,220710017242,"Block Group 2, Census Tract 17.24, Orleans Parish, Louisiana",591,871
1500000US220710017243,220710017243,"Block Group 3, Census Tract 17.24, Orleans Parish, Louisiana",896,97
1500000US220710017244,220710017244,"Block Group 4, Census Tract 17.24, Orleans Parish, Louisiana",1008,321
1500000US220710017251,220710017251,"Block Group 1, Census Tract 17.25, Orleans Parish, Louisiana",766,213
1500000US220710017252,220710017252,"Block Group 2, Census Tract 17.25, Orleans Parish, Louisiana",835,191
1500000US220710017253,220710017253,"Block Group 3, Census Tract 17.25, Orleans Parish, Louisiana",1055,148
1500000US220710017254,220710017254,"Block Group 4, Census Tract 17.25, Orleans Parish, Louisiana",730,445
1500000US220710017301,220710017301,"Block Group 1, Census Tract 17.30, Orleans Parish, Louisiana",1541,269
1500000US220710017341,220710017341,"Block Group 1, Census Tract 17.34, Orleans Parish, Louisiana",-,**
1500000US220710017351,220710017351,"Block Group 1, Census Tract 17.35, Orleans Parish, Louisiana",907,56
1500000US220710017352,220710017352,"Block Group 2, Census Tract 17.35, Orleans Parish, Louisiana",1011,160
1500000US220710017361,220710017361,"Block Group 1, Census Tract 17.36, Orleans Parish, Louisiana",867,274
1500000US220710017362,220710017362,"Block Group 2, Census Tract 17.36, Orleans Parish, Louisiana",928,38
1500000US220710017371,220710017371,"Block Group 1, Census Tract 17.37, Orleans Parish, Louisiana",828,25
1500000US220710017372,220710017372,"Block Group 2, Census Tract 17.37, Orleans Parish, Louisiana",1262,183
1500000US220710017373,220710017373,"Block Group 3, Census Tract 17.37, Orleans Parish, Louisiana",1703,98
1500000US220710017391,220710017391,"Block Group 1, Census Tract 17.39, Orleans Parish, Louisiana",921,149
1500000US220710017392,220710017392,"Block Group 2, Census Tract 17.39, Orleans Parish, Louisiana",-,**
1500000US220710017401,220710017401,"Block Group 1, Census Tract 17.40, Orleans Parish, Louisiana",-,**
1500000US220710017402,220710017402,"Block Group 2, Census Tract 17.40, Orleans Parish, Louisiana",839,37
1500000US220710017403,220710017403,"Block Group 3, Census Tract 17.40, Orleans Parish, Louisiana",762,93
1500000US220710017411,220710017411,"Block Group 1, Census Tract 17.41, Orleans Parish, Louisiana",1258,607
1500000US220710017431,220710017431,"Block Group 1, Census Tract 17.43, Orleans Parish, Louisiana",875,95
1500000US220710017432,220710017432,"Block Group 2, Census Tract 17.43, Orleans Parish, Louisiana",858,30
1500000US220710017441,220710017441,"Block Group 1, Census Tract 17.44, Orleans Parish, Louisiana",789,95
1500000US220710017442,220710017442,"Block Group 2, Census Tract 17.44, Orleans Parish, Louisiana",1107,188
1500000US220710017443,220710017443,"Block Group 3, Census Tract 17.44, Orleans Parish, Louisiana",907,85
1500000US220710017451,220710017451,"Block Group 1, Census Tract 17.45, Orleans Parish, Louisiana",894,88
1500000US220710017452,220710017452,"Block Group 2, Census Tract 17.45, Orleans Parish, Louisiana",1321,126
1500000US220710017461,220710017461,"Block Group 1, Census Tract 17.46, Orleans Parish, Louisiana",903,222
1500000US220710017462,220710017462,"Block Group 2, Census Tract 17.46, Orleans Parish, Louisiana",929,330
1500000US220710017463,220710017463,"Block Group 3, Census Tract 17.46, Orleans Parish, Louisiana",1095,132
1500000US220710017471,220710017471,"Block Group 1, Census Tract 17.47, Orleans Parish, Louisiana",-,**
1500000US220710017472,220710017472,"Block Group 2, Census Tract 17.47, Orleans Parish, Louisiana",-,**
1500000US220710017481,220710017481,"Block Group 1, Census Tract 17.48, Orleans Parish, Louisiana",-,**
1500000US220710017482,220710017482,"Block Group 2, Census Tract 17.48, Orleans Parish, Louisiana",1246,215
1500000US220710017483,220710017483,"Block Group 3, Census Tract 17.48, Orleans Parish, Louisiana",666,541
1500000US220710017484,220710017484,"Block Group 4, Census Tract 17.48, Orleans Parish, Louisiana",-,**
1500000US220710017491,220710017491,"Block Group 1, Census Tract 17.49, Orleans Parish, Louisiana",636,181
1500000US220710017492,220710017492,"Block Group 2, Census Tract 17.49, Orleans Parish, Louisiana",743,119
1500000US220710017501,220710017501,"Block Group 1, Census Tract 17.50, Orleans Parish, Louisiana",922,659
1500000US220710017502,220710017502,"Block Group 2, Census Tract 17.50, Orleans Parish, Louisiana",658,33
1500000US220710017503,220710017503,"Block Group 3, Census Tract 17.50, Orleans Parish, Louisiana",715,341
1500000US220710017511,220710017511,"Block Group 1, Census Tract 17.51, Orleans Parish, Louisiana",716,61
1500000US220710018001,220710018001,"Block Group 1, Census Tract 18, Orleans Parish, Louisiana",1185,174
1500000US220710018002,220710018002,"Block Group 2, Census Tract 18, Orleans Parish, Louisiana",994,180
1500000US220710019001,220710019001,"Block Group 1, Census Tract 19, Orleans Parish, Louisiana",815,147
1500000US220710019002,220710019002,"Block Group 2, Census Tract 19, Orleans Parish, Louisiana",596,156
1500000US220710019003,220710019003,"Block Group 3, Census Tract 19, Orleans Parish, Louisiana",787,72
1500000US220710020001,220710020001,"Block Group 1, Census Tract 20, Orleans Parish, Louisiana",1057,367
1500000US220710020002,220710020002,"Block Group 2, Census Tract 20, Orleans Parish, Louisiana",814,141
1500000US220710020003,220710020003,"Block Group 3, Census Tract 20, Orleans Parish, Louisiana",891,75
1500000US220710021001,220710021001,"Block Group 1, Census Tract 21, Orleans Parish, Louisiana",897,115
1500000US220710021002,220710021002,"Block Group 2, Census Tract 21, Orleans Parish, Louisiana",706,123
1500000US220710022001,220710022001,"Block Group 1, Census Tract 22, Orleans Parish, Louisiana",718,50
1500000US220710022002,220710022002,"Block Group 2, Census Tract 22, Orleans Parish, Louisiana",832,47
1500000US220710022003,220710022003,"Block Group 3, Census Tract 22, Orleans Parish, Louisiana",1084,59
1500000US220710023001,220710023001,"Block Group 1, Census Tract 23, Orleans Parish, Louisiana",-,**
1500000US220710023002,220710023002,"Block Group 2, Census Tract 23, Orleans Parish, Louisiana",538,720
1500000US220710023003,220710023003,"Block Group 3, Census Tract 23, Orleans Parish, Louisiana",-,**
1500000US220710023004,220710023004,"Block Group 4, Census Tract 23, Orleans Parish, Louisiana",835,165
1500000US220710023005,220710023005,"Block Group 5, Census Tract 23, Orleans Parish, Louisiana",877,127
1500000US220710024011,220710024011,"Block Group 1, Census Tract 24.01, Orleans Parish, Louisiana",1119,206
1500000US220710024012,220710024012,"Block Group 2, Census Tract 24.01, Orleans Parish, Louisiana",856,165
1500000US220710024021,220710024021,"Block Group 1, Census Tract 24.02, Orleans Parish, Louisiana",941,37
1500000US220710024022,220710024022,"Block Group 2, Census Tract 24.02, Orleans Parish, Louisiana",695,148
1500000US220710024023,220710024023,"Block Group 3, Census Tract 24.02, Orleans Parish, Louisiana",987,156
1500000US220710024024,220710024024,"Block Group 4, Census Tract 24.02, Orleans Parish, Louisiana",1193,188
1500000US220710025011,220710025011,"Block Group 1, Census Tract 25.01, Orleans Parish, Louisiana",915,103
1500000US220710025012,220710025012,"Block Group 2, Census Tract 25.01, Orleans Parish, Louisiana",1278,210
1500000US220710025013,220710025013,"Block Group 3, Census Tract 25.01, Orleans Parish, Louisiana",1038,289
1500000US220710025014,220710025014,"Block Group 4, Census Tract 25.01, Orleans Parish, Louisiana",1010,341
1500000US220710025021,220710025021,"Block Group 1, Census Tract 25.02, Orleans Parish, Louisiana",1116,151
1500000US220710025022,220710025022,"Block Group 2, Census Tract 25.02, Orleans Parish, Louisiana",646,167
1500000US220710025023,220710025023,"Block Group 3, Census Tract 25.02, Orleans Parish, Louisiana",999,1193
1500000US220710025024,220710025024,"Block Group 4, Census Tract 25.02, Orleans Parish, Louisiana",-,**
1500000US220710025031,220710025031,"Block Group 1, Census Tract 25.03, Orleans Parish, Louisiana",1377,64
1500000US220710025032,220710025032,"Block Group 2, Census Tract 25.03, Orleans Parish, Louisiana",1087,287
1500000US220710025033,220710025033,"Block Group 3, Census Tract 25.03, Orleans Parish, Louisiana",1277,436
1500000US220710025041,220710025041,"Block Group 1, Census Tract 25.04, Orleans Parish, Louisiana",1139,461
1500000US220710025042,220710025042,"Block Group 2, Census Tract 25.04, Orleans Parish, Louisiana",1188,347
1500000US220710025043,220710025043,"Block Group 3, Census Tract 25.04, Orleans Parish, Louisiana",-,**
1500000US220710025044,220710025044,"Block Group 4, Census Tract 25.04, Orleans Parish, Louisiana",1111,172
1500000US220710026001,220710026001,"Block Group 1, Census Tract 26, Orleans Parish, Louisiana",913,369
1500000US220710026002,220710026002,"Block Group 2, Census Tract 26, Orleans Parish, Louisiana",343,368
1500000US220710027001,220710027001,"Block Group 1, Census Tract 27, Orleans Parish, Louisiana",926,172
1500000US220710027002,220710027002,"Block Group 2, Census Tract 27, Orleans Parish, Louisiana",1071,87
1500000US220710027003,220710027003,"Block Group 3, Census Tract 27, Orleans Parish, Louisiana",842,196
1500000US220710028001,220710028001,"Block Group 1, Census Tract 28, Orleans Parish, Louisiana",869,91
1500000US220710028002,220710028002,"Block Group 2, Census Tract 28, Orleans Parish, Louisiana",793,110
1500000US220710028003,220710028003,"Block Group 3, Census Tract 28, Orleans Parish, Louisiana",932,276
1500000US220710029001,220710029001,"Block Group 1, Census Tract 29, Orleans Parish, Louisiana",912,241
1500000US220710029002,220710029002,"Block Group 2, Census Tract 29, Orleans Parish, Louisiana",635,224
1500000US220710029003,220710029003,"Block Group 3, Census Tract 29, Orleans Parish, Louisiana",637,129
1500000US220710030001,220710030001,"Block Group 1, Census Tract 30, Orleans Parish, Louisiana",978,88
1500000US220710030002,220710030002,"Block Group 2, Census Tract 30, Orleans Parish, Louisiana",922,140
1500000US220710031001,220710031001,"Block Group 1, Census Tract 31, Orleans Parish, Louisiana",529,182
1500000US220710031002,220710031002,"Block Group 2, Census Tract 31, Orleans Parish, Louisiana",920,67
1500000US220710033011,220710033011,"Block Group 1, Census Tract 33.01, Orleans Parish, Louisiana",1060,93
1500000US220710033012,220710033012,"Block Group 2, Census Tract 33.01, Orleans Parish, Louisiana",1112,264
1500000US220710033013,220710033013,"Block Group 3, Census Tract 33.01, Orleans Parish, Louisiana","2,000+",***
1500000US220710033021,220710033021,"Block Group 1, Census Tract 33.02, Orleans Parish, Louisiana",-,**
1500000US220710033022,220710033022,"Block Group 2, Census Tract 33.02, Orleans Parish, Louisiana",1689,399
1500000US220710033023,220710033023,"Block Group 3, Census Tract 33.02, Orleans Parish, Louisiana",743,330
1500000US220710033024,220710033024,"Block Group 4, Census Tract 33.02, Orleans Parish, Louisiana",1290,673
1500000US220710033031,220710033031,"Block Group 1, Census Tract 33.03, Orleans Parish, Louisiana",1109,194
1500000US220710033032,220710033032,"Block Group 2, Census Tract 33.03, Orleans Parish, Louisiana",902,126
1500000US220710033033,220710033033,"Block Group 3, Census Tract 33.03, Orleans Parish, Louisiana",1087,106
1500000US220710033041,220710033041,"Block Group 1, Census Tract 33.04, Orleans Parish, Louisiana",1058,173
1500000US220710033042,220710033042,"Block Group 2, Census Tract 33.04, Orleans Parish, Louisiana",671,178
1500000US220710033071,220710033071,"Block Group 1, Census Tract 33.07, Orleans Parish, Louisiana",1168,112
1500000US220710033072,220710033072,"Block Group 2, Census Tract 33.07, Orleans Parish, Louisiana",665,123
1500000US220710033081,220710033081,"Block Group 1, Census Tract 33.08, Orleans Parish, Louisiana",-,**
1500000US220710033082,220710033082,"Block Group 2, Census Tract 33.08, Orleans Parish, Louisiana",780,99
1500000US220710033083,220710033083,"Block Group 3, Census Tract 33.08, Orleans Parish, Louisiana",382,137
1500000US220710033084,220710033084,"Block Group 4, Census Tract 33.08, Orleans Parish, Louisiana",-,**
1500000US220710033085,220710033085,"Block Group 5, Census Tract 33.08, Orleans Parish, Louisiana",1072,766
1500000US220710033086,220710033086,"Block Group 6, Census Tract 33.08, Orleans Parish, Louisiana",-,**
1500000US220710034001,220710034001,"Block Group 1, Census Tract 34, Orleans Parish, Louisiana",821,132
1500000US220710034002,220710034002,"Block Group 2, Census Tract 34, Orleans Parish, Louisiana",747,56
1500000US220710035001,220710035001,"Block Group 1, Census Tract 35, Orleans Parish, Louisiana",874,94
1500000US220710035002,220710035002,"Block Group 2, Census Tract 35, Orleans Parish, Louisiana",670,123
1500000US220710035003,220710035003,"Block Group 3, Census Tract 35, Orleans Parish, Louisiana",862,172
1500000US220710036001,220710036001,"Block Group 1, Census Tract 36, Orleans Parish, Louisiana",846,188
1500000US220710036002,220710036002,"Block Group 2, Census Tract 36, Orleans Parish, Louisiana",876,84
1500000US220710036003,220710036003,"Block Group 3, Census Tract 36, Orleans Parish, Louisiana",915,262
1500000US220710037011,220710037011,"Block Group 1, Census Tract 37.01, Orleans Parish, Louisiana",1163,53
1500000US220710037012,220710037012,"Block Group 2, Census Tract 37.01, Orleans Parish, Louisiana",1075,260
1500000US220710037021,220710037021,"Block Group 1, Census Tract 37.02, Orleans Parish, Louisiana",706,94
1500000US220710037022,220710037022,"Block Group 2, Census Tract 37.02, Orleans Parish, Louisiana",1041,268
1500000US220710037023,220710037023,"Block Group 3, Census Tract 37.02, Orleans Parish, Louisiana",888,327
1500000US220710037024,220710037024,"Block Group 4, Census Tract 37.02, Orleans Parish, Louisiana",1060,320
1500000US220710037025,220710037025,"Block Group 5, Census Tract 37.02, Orleans Parish, Louisiana",782,196
1500000US220710037026,220710037026,"Block Group 6, Census Tract 37.02, Orleans Parish, Louisiana",1064,187
1500000US220710038001,220710038001,"Block Group 1, Census Tract 38, Orleans Parish, Louisiana",1138,103
1500000US220710038002,220710038002,"Block Group 2, Census Tract 38, Orleans Parish, Louisiana",1095,134
1500000US220710039001,220710039001,"Block Group 1, Census Tract 39, Orleans Parish, Louisiana",827,89
1500000US220710039002,220710039002,"Block Group 2, Census Tract 39, Orleans Parish, Louisiana",1019,213
1500000US220710040001,220710040001,"Block Group 1, Census Tract 40, Orleans Parish, Louisiana",779,107
1500000US220710040002,220710040002,"Block Group 2, Census Tract 40, Orleans Parish, Louisiana",731,142
1500000US220710041001,220710041001,"Block Group 1, Census Tract 41, Orleans Parish, Louisiana",983,141
1500000US220710041002,220710041002,"Block Group 2, Census Tract 41, Orleans Parish, Louisiana",951,82
1500000US220710044011,220710044011,"Block Group 1, Census Tract 44.01, Orleans Parish, Louisiana",758,122
1500000US220710044012,220710044012,"Block Group 2, Census Tract 44.01, Orleans Parish, Louisiana",854,92
1500000US220710044013,220710044013,"Block Group 3, Census Tract 44.01, Orleans Parish, Louisiana",796,189
1500000US220710044021,220710044021,"Block Group 1, Census Tract 44.02, Orleans Parish, Louisiana",-,**
1500000US220710044022,220710044022,"Block Group 2, Census Tract 44.02, Orleans Parish, Louisiana",-,**
1500000US220710045001,220710045001,"Block Group 1, Census Tract 45, Orleans Parish, Louisiana",876,371
1500000US220710045002,220710045002,"Block Group 2, Census Tract 45, Orleans Parish, Louisiana",878,92
1500000US220710045003,220710045003,"Block Group 3, Census Tract 45, Orleans Parish, Louisiana",973,116
1500000US220710046001,220710046001,"Block Group 1, Census Tract 46, Orleans Parish, Louisiana",998,146
1500000US220710046002,220710046002,"Block Group 2, Census Tract 46, Orleans Parish, Louisiana",1039,105
1500000US220710046003,220710046003,"Block Group 3, Census Tract 46, Orleans Parish, Louisiana",1067,73
1500000US220710048001,220710048001,"Block Group 1, Census Tract 48, Orleans Parish, Louisiana",200,35
1500000US220710049001,220710049001,"Block Group 1, Census Tract 49, Orleans Parish, Louisiana",633,271
1500000US220710049002,220710049002,"Block Group 2, Census Tract 49, Orleans Parish, Louisiana",708,211
1500000US220710049003,220710049003,"Block Group 3, Census Tract 49, Orleans Parish, Louisiana",-,**
1500000US220710049004,220710049004,"Block Group 4, Census Tract 49, Orleans Parish, Louisiana",876,295
1500000US220710050001,220710050001,"Block Group 1, Census Tract 50, Orleans Parish, Louisiana",1084,82
1500000US220710050002,220710050002,"Block Group 2, Census Tract 50, Orleans Parish, Louisiana",803,178
1500000US220710054001,220710054001,"Block Group 1, Census Tract 54, Orleans Parish, Louisiana",1005,110
1500000US220710054002,220710054002,"Block Group 2, Census Tract 54, Orleans Parish, Louisiana",1040,78
1500000US220710054003,220710054003,"Block Group 3, Census Tract 54, Orleans Parish, Louisiana",1236,185
1500000US220710055001,220710055001,"Block Group 1, Census Tract 55, Orleans Parish, Louisiana",1145,124
1500000US220710055002,220710055002,"Block Group 2, Census Tract 55, Orleans Parish, Louisiana",1180,106
1500000US220710055003,220710055003,"Block Group 3, Census Tract 55, Orleans Parish, Louisiana",1132,103
1500000US220710056011,220710056011,"Block Group 1, Census Tract 56.01, Orleans Parish, Louisiana",1732,210
1500000US220710056012,220710056012,"Block Group 2, Census Tract 56.01, Orleans Parish, Louisiana",950,692
1500000US220710056013,220710056013,"Block Group 3, Census Tract 56.01, Orleans Parish, Louisiana",1620,276
1500000US220710056014,220710056014,"Block Group 4, Census Tract 56.01, Orleans Parish, Louisiana",1650,835
1500000US220710056021,220710056021,"Block Group 1, Census Tract 56.02, Orleans Parish, Louisiana",1464,215
1500000US220710056022,220710056022,"Block Group 2, Census Tract 56.02, Orleans Parish, Louisiana",1320,414
1500000US220710056023,220710056023,"Block Group 3, Census Tract 56.02, Orleans Parish, Louisiana",1356,450
1500000US220710056024,220710056024,"Block Group 4, Census Tract 56.02, Orleans Parish, Louisiana",1917,733
1500000US220710056031,220710056031,"Block Group 1, Census Tract 56.03, Orleans Parish, Louisiana",1250,887
1500000US220710056032,220710056032,"Block Group 2, Census Tract 56.03, Orleans Parish, Louisiana",1263,696
1500000US220710056033,220710056033,"Block Group 3, Census Tract 56.03, Orleans Parish, Louisiana",1275,804
1500000US220710056041,220710056041,"Block Group 1, Census Tract 56.04, Orleans Parish, Louisiana",1419,414
1500000US220710056042,220710056042,"Block Group 2, Census Tract 56.04, Orleans Parish, Louisiana",1198,467
1500000US220710056043,220710056043,"Block Group 3, Census Tract 56.04, Orleans Parish, Louisiana",1208,187
1500000US220710060001,220710060001,"Block Group 1, Census Tract 60, Orleans Parish, Louisiana",1019,75
1500000US220710063001,220710063001,"Block Group 1, Census Tract 63, Orleans Parish, Louisiana",869,118
1500000US220710063002,220710063002,"Block Group 2, Census Tract 63, Orleans Parish, Louisiana",786,217
1500000US220710063003,220710063003,"Block Group 3, Census Tract 63, Orleans Parish, Louisiana",1071,124
1500000US220710064001,220710064001,"Block Group 1, Census Tract 64, Orleans Parish, Louisiana",978,108
1500000US220710064002,220710064002,"Block Group 2, Census Tract 64, Orleans Parish, Louisiana",1129,112
1500000US220710064003,220710064003,"Block Group 3, Census Tract 64, Orleans Parish, Louisiana",1099,358
1500000US220710064004,220710064004,"Block Group 4, Census Tract 64, Orleans Parish, Louisiana",993,173
1500000US220710065001,220710065001,"Block Group 1, Census Tract 65, Orleans Parish, Louisiana",979,99
1500000US220710065002,220710065002,"Block Group 2, Census Tract 65, Orleans Parish, Louisiana",1109,118
1500000US220710065003,220710065003,"Block Group 3, Census Tract 65, Orleans Parish, Louisiana",895,81
1500000US220710069001,220710069001,"Block Group 1, Census Tract 69, Orleans Parish, Louisiana",304,117
1500000US220710069002,220710069002,"Block Group 2, Census Tract 69, Orleans Parish, Louisiana",625,233
1500000US220710069003,220710069003,"Block Group 3, Census Tract 69, Orleans Parish, Louisiana",329,78
1500000US220710070001,220710070001,"Block Group 1, Census Tract 70, Orleans Parish, Louisiana",1091,138
1500000US220710070002,220710070002,"Block Group 2, Census Tract 70, Orleans Parish, Louisiana",781,239
1500000US220710071011,220710071011,"Block Group 1, Census Tract 71.01, Orleans Parish, Louisiana",1030,214
1500000US220710071012,220710071012,"Block Group 2, Census Tract 71.01, Orleans Parish, Louisiana",565,195
1500000US220710072001,220710072001,"Block Group 1, Census Tract 72, Orleans Parish, Louisiana",968,64
1500000US220710072002,220710072002,"Block Group 2, Census Tract 72, Orleans Parish, Louisiana",714,146
1500000US220710072003,220710072003,"Block Group 3, Census Tract 72, Orleans Parish, Louisiana",690,314
1500000US220710075011,220710075011,"Block Group 1, Census Tract 75.01, Orleans Parish, Louisiana",850,97
1500000US220710075012,220710075012,"Block Group 2, Census Tract 75.01, Orleans Parish, Louisiana",850,244
1500000US220710075013,220710075013,"Block Group 3, Census Tract 75.01, Orleans Parish, Louisiana",908,170
1500000US220710075014,220710075014,"Block Group 4, Census Tract 75.01, Orleans Parish, Louisiana",938,476
1500000US220710075015,220710075015,"Block Group 5, Census Tract 75.01, Orleans Parish, Louisiana",-,**
1500000US220710075021,220710075021,"Block Group 1, Census Tract 75.02, Orleans Parish, Louisiana",708,209
1500000US220710075022,220710075022,"Block Group 2, Census Tract 75.02, Orleans Parish, Louisiana",-,**
1500000US220710075023,220710075023,"Block Group 3, Census Tract 75.02, Orleans Parish, Louisiana",948,115
1500000US220710075024,220710075024,"Block Group 4, Census Tract 75.02, Orleans Parish, Louisiana",1083,258
1500000US220710075025,220710075025,"Block Group 5, Census Tract 75.02, Orleans Parish, Louisiana",842,174
1500000US220710076041,220710076041,"Block Group 1, Census Tract 76.04, Orleans Parish, Louisiana",1865,302
1500000US220710076042,220710076042,"Block Group 2, Census Tract 76.04, Orleans Parish, Louisiana",-,**
1500000US220710076051,220710076051,"Block Group 1, Census Tract 76.05, Orleans Parish, Louisiana",788,41
1500000US220710076052,220710076052,"Block Group 2, Census Tract 76.05, Orleans Parish, Louisiana",915,287
1500000US220710076061,220710076061,"Block Group 1, Census Tract 76.06, Orleans Parish, Louisiana",1175,159
1500000US220710076062,220710076062,"Block Group 2, Census Tract 76.06, Orleans Parish, Louisiana",990,330
1500000US220710076063,220710076063,"Block Group 3, Census Tract 76.06, Orleans Parish, Louisiana",1328,221
1500000US220710077001,220710077001,"Block Group 1, Census Tract 77, Orleans Parish, Louisiana",1361,75
1500000US220710077002,220710077002,"Block Group 2, Census Tract 77, Orleans Parish, Louisiana",1382,107
1500000US220710078001,220710078001,"Block Group 1, Census Tract 78, Orleans Parish, Louisiana",1169,152
1500000US220710082001,220710082001,"Block Group 1, Census Tract 82, Orleans Parish, Louisiana",875,33
1500000US220710082002,220710082002,"Block Group 2, Census Tract 82, Orleans Parish, Louisiana",894,111
1500000US220710083001,220710083001,"Block Group 1, Census Tract 83, Orleans Parish, Louisiana",1111,189
1500000US220710083002,220710083002,"Block Group 2, Census Tract 83, Orleans Parish, Louisiana",992,449
1500000US220710084001,220710084001,"Block Group 1, Census Tract 84, Orleans Parish, Louisiana",973,116
1500000US220710084002,220710084002,"Block Group 2, Census Tract 84, Orleans Parish, Louisiana",941,56
1500000US220710085001,220710085001,"Block Group 1, Census Tract 85, Orleans Parish, Louisiana",459,248
1500000US220710085002,220710085002,"Block Group 2, Census Tract 85, Orleans Parish, Louisiana",660,119
1500000US220710086001,220710086001,"Block Group 1, Census Tract 86, Orleans Parish, Louisiana",703,201
1500000US220710086002,220710086002,"Block Group 2, Census Tract 86, Orleans Parish, Louisiana",853,224
1500000US220710088001,220710088001,"Block Group 1, Census Tract 88, Orleans Parish, Louisiana",1137,218
1500000US220710088002,220710088002,"Block Group 2, Census Tract 88, Orleans Parish, Louisiana",1250,238
1500000US220710090001,220710090001,"Block Group 1, Census Tract 90, Orleans Parish, Louisiana",978,129
1500000US220710090002,220710090002,"Block Group 2, Census Tract 90, Orleans Parish, Louisiana",1166,488
1500000US220710090003,220710090003,"Block Group 3, Census Tract 90, Orleans Parish, Louisiana",1125,540
1500000US220710091001,220710091001,"Block Group 1, Census Tract 91, Orleans Parish, Louisiana",1074,108
1500000US220710091002,220710091002,"Block Group 2, Census Tract 91, Orleans Parish, Louisiana",859,115
1500000US220710091003,220710091003,"Block Group 3, Census Tract 91, Orleans Parish, Louisiana",601,48
1500000US220710091004,220710091004,"Block Group 4, Census Tract 91, Orleans Parish, Louisiana",804,112
1500000US220710092001,220710092001,"Block Group 1, Census Tract 92, Orleans Parish, Louisiana",846,92
1500000US220710092002,220710092002,"Block Group 2, Census Tract 92, Orleans Parish, Louisiana",574,81
1500000US220710092003,220710092003,"Block Group 3, Census Tract 92, Orleans Parish, Louisiana",758,40
1500000US220710094001,220710094001,"Block Group 1, Census Tract 94, Orleans Parish, Louisiana",869,285
1500000US220710094002,220710094002,"Block Group 2, Census Tract 94, Orleans Parish, Louisiana",-,**
1500000US220710094003,220710094003,"Block Group 3, Census Tract 94, Orleans Parish, Louisiana",805,211
1500000US220710094004,220710094004,"Block Group 4, Census Tract 94, Orleans Parish, Louisiana",917,184
1500000US220710096001,220710096001,"Block Group 1, Census Tract 96, Orleans Parish, Louisiana",1045,247
1500000US220710096002,220710096002,"Block Group 2, Census Tract 96, Orleans Parish, Louisiana",1063,214
1500000US220710096003,220710096003,"Block Group 3, Census Tract 96, Orleans Parish, Louisiana",767,142
1500000US220710097001,220710097001,"Block Group 1, Census Tract 97, Orleans Parish, Louisiana",1065,347
1500000US220710097002,220710097002,"Block Group 2, Census Tract 97, Orleans Parish, Louisiana",878,170
1500000US220710099001,220710099001,"Block Group 1, Census Tract 99, Orleans Parish, Louisiana",1015,154
1500000US220710099002,220710099002,"Block Group 2, Census Tract 99, Orleans Parish, Louisiana",1283,161
1500000US220710099003,220710099003,"Block Group 3, Census Tract 99, Orleans Parish, Louisiana",1041,86
1500000US220710100001,220710100001,"Block Group 1, Census Tract 100, Orleans Parish, Louisiana",725,324
1500000US220710100002,220710100002,"Block Group 2, Census Tract 100, Orleans Parish, Louisiana",911,268
1500000US220710100003,220710100003,"Block Group 3, Census Tract 100, Orleans Parish, Louisiana",894,100
1500000US220710100004,220710100004,"Block Group 4, Census Tract 100, Orleans Parish, Louisiana",819,138
1500000US220710101001,220710101001,"Block Group 1, Census Tract 101, Orleans Parish, Louisiana",1097,110
1500000US220710101002,220710101002,"Block Group 2, Census Tract 101, Orleans Parish, Louisiana",1377,197
1500000US220710102001,220710102001,"Block Group 1, Census Tract 102, Orleans Parish, Louisiana",881,574
1500000US220710102002,220710102002,"Block Group 2, Census Tract 102, Orleans Parish, Louisiana",947,24
1500000US220710102003,220710102003,"Block Group 3, Census Tract 102, Orleans Parish, Louisiana",538,546
1500000US220710102004,220710102004,"Block Group 4, Census Tract 102, Orleans Parish, Louisiana",1033,415
1500000US220710102005,220710102005,"Block Group 5, Census Tract 102, Orleans Parish, Louisiana",986,229
1500000US220710103001,220710103001,"Block Group 1, Census Tract 103, Orleans Parish, Louisiana",952,265
1500000US220710103002,220710103002,"Block Group 2, Census Tract 103, Orleans Parish, Louisiana",641,260
1500000US220710103003,220710103003,"Block Group 3, Census Tract 103, Orleans Parish, Louisiana",890,200
1500000US220710103004,220710103004,"Block Group 4, Census Tract 103, Orleans Parish, Louisiana",1175,143
1500000US220710106001,220710106001,"Block Group 1, Census Tract 106, Orleans Parish, Louisiana",989,265
1500000US220710106002,220710106002,"Block Group 2, Census Tract 106, Orleans Parish, Louisiana",928,378
1500000US220710107001,220710107001,"Block Group 1, Census Tract 107, Orleans Parish, Louisiana",1172,292
1500000US220710107002,220710107002,"Block Group 2, Census Tract 107, Orleans Parish, Louisiana",1076,148
1500000US220710108001,220710108001,"Block Group 1, Census Tract 108, Orleans Parish, Louisiana",1154,178
1500000US220710108002,220710108002,"Block Group 2, Census Tract 108, Orleans Parish, Louisiana",1318,215
1500000US220710109001,220710109001,"Block Group 1, Census Tract 109, Orleans Parish, Louisiana",794,67
1500000US220710109002,220710109002,"Block Group 2, Census Tract 109, Orleans Parish, Louisiana",1172,60
1500000US220710109003,220710109003,"Block Group 3, Census Tract 109, Orleans Parish, Louisiana",1386,613
1500000US220710109004,220710109004,"Block Group 4, Census Tract 109, Orleans Parish, Louisiana",1052,400
1500000US220710111001,220710111001,"Block Group 1, Census Tract 111, Orleans Parish, Louisiana",738,177
1500000US220710111002,220710111002,"Block Group 2, Census Tract 111, Orleans Parish, Louisiana",1048,250
1500000US220710111003,220710111003,"Block Group 3, Census Tract 111, Orleans Parish, Louisiana",1060,300
1500000US220710112001,220710112001,"Block Group 1, Census Tract 112, Orleans Parish, Louisiana",1375,94
1500000US220710112002,220710112002,"Block Group 2, Census Tract 112, Orleans Parish, Louisiana",1157,276
1500000US220710114001,220710114001,"Block Group 1, Census Tract 114, Orleans Parish, Louisiana",1266,231
1500000US220710114002,220710114002,"Block Group 2, Census Tract 114, Orleans Parish, Louisiana",1268,253
1500000US220710115001,220710115001,"Block Group 1, Census Tract 115, Orleans Parish, Louisiana",1704,394
1500000US220710115002,220710115002,"Block Group 2, Census Tract 115, Orleans Parish, Louisiana",1299,195
1500000US220710116001,220710116001,"Block Group 1, Census Tract 116, Orleans Parish, Louisiana",1309,153
1500000US220710116002,220710116002,"Block Group 2, Census Tract 116, Orleans Parish, Louisiana",1465,210
1500000US220710117001,220710117001,"Block Group 1, Census Tract 117, Orleans Parish, Louisiana","2,000+",***
1500000US220710117002,220710117002,"Block Group 2, Census Tract 117, Orleans Parish, Louisiana",1191,131
1500000US220710117003,220710117003,"Block Group 3, Census Tract 117, Orleans Parish, Louisiana","2,000+",***
1500000US220710117004,220710117004,"Block Group 4, Census Tract 117, Orleans Parish, Louisiana",1980,335
1500000US220710119001,220710119001,"Block Group 1, Census Tract 119, Orleans Parish, Louisiana",1283,1114
1500000US220710119002,220710119002,"Block Group 2, Census Tract 119, Orleans Parish, Louisiana",1590,245
1500000US220710119003,220710119003,"Block Group 3, Census Tract 119, Orleans Parish, Louisiana",1631,165
1500000US220710120001,220710120001,"Block Group 1, Census Tract 120, Orleans Parish, Louisiana",1409,138
1500000US220710120002,220710120002,"Block Group 2, Census Tract 120, Orleans Parish, Louisiana",1483,1047
1500000US220710121011,220710121011,"Block Group 1, Census Tract 121.01, Orleans Parish, Louisiana",1283,329
1500000US220710121012,220710121012,"Block Group 2, Census Tract 121.01, Orleans Parish, Louisiana",1323,291
1500000US220710121021,220710121021,"Block Group 1, Census Tract 121.02, Orleans Parish, Louisiana",1255,746
1500000US220710121022,220710121022,"Block Group 2, Census Tract 121.02, Orleans Parish, Louisiana",-,**
1500000US220710121023,220710121023,"Block Group 3, Census Tract 121.02, Orleans Parish, Louisiana",1458,177
1500000US220710122001,220710122001,"Block Group 1, Census Tract 122, Orleans Parish, Louisiana",1241,242
1500000US220710122002,220710122002,"Block Group 2, Census Tract 122, Orleans Parish, Louisiana",1574,396
1500000US220710123001,220710123001,"Block Group 1, Census Tract 123, Orleans Parish, Louisiana",970,339
1500000US220710123002,220710123002,"Block Group 2, Census Tract 123, Orleans Parish, Louisiana",1149,189
1500000US220710123003,220710123003,"Block Group 3, Census Tract 123, Orleans Parish, Louisiana",1409,105
1500000US220710124001,220710124001,"Block Group 1, Census Tract 124, Orleans Parish, Louisiana",736,451
1500000US220710124002,220710124002,"Block Group 2, Census Tract 124, Orleans Parish, Louisiana",918,310
1500000US220710125001,220710125001,"Block Group 1, Census Tract 125, Orleans Parish, Louisiana",1128,238
1500000US220710125002,220710125002,"Block Group 2, Census Tract 125, Orleans Parish, Louisiana",869,197
1500000US220710126001,220710126001,"Block Group 1, Census Tract 126, Orleans Parish, Louisiana",1106,245
1500000US220710126002,220710126002,"Block Group 2, Census Tract 126, Orleans Parish, Louisiana",970,177
1500000US220710126003,220710126003,"Block Group 3, Census Tract 126, Orleans Parish, Louisiana",1125,357
1500000US220710127001,220710127001,"Block Group 1, Census Tract 127, Orleans Parish, Louisiana",1059,296
1500000US220710127002,220710127002,"Block Group 2, Census Tract 127, Orleans Parish, Louisiana",1020,274
1500000US220710127003,220710127003,"Block Group 3, Census Tract 127, Orleans Parish, Louisiana",1167,378
1500000US220710127004,220710127004,"Block Group 4, Census Tract 127, Orleans Parish, Louisiana",1084,166
1500000US220710128001,220710128001,"Block Group 1, Census Tract 128, Orleans Parish, Louisiana",1003,232
1500000US220710128002,220710128002,"Block Group 2, Census Tract 128, Orleans Parish, Louisiana",1035,261
1500000US220710128003,220710128003,"Block Group 3, Census Tract 128, Orleans Parish, Louisiana",1260,277
1500000US220710129001,220710129001,"Block Group 1, Census Tract 129, Orleans Parish, Louisiana",886,110
1500000US220710129002,220710129002,"Block Group 2, Census Tract 129, Orleans Parish, Louisiana",1012,390
1500000US220710130001,220710130001,"Block Group 1, Census Tract 130, Orleans Parish, Louisiana",1023,438
1500000US220710130002,220710130002,"Block Group 2, Census Tract 130, Orleans Parish, Louisiana",835,82
1500000US220710130003,220710130003,"Block Group 3, Census Tract 130, Orleans Parish, Louisiana",909,220
1500000US220710131001,220710131001,"Block Group 1, Census Tract 131, Orleans Parish, Louisiana",839,199
1500000US220710131002,220710131002,"Block Group 2, Census Tract 131, Orleans Parish, Louisiana",657,276
1500000US220710131003,220710131003,"Block Group 3, Census Tract 131, Orleans Parish, Louisiana",850,93
1500000US220710131004,220710131004,"Block Group 4, Census Tract 131, Orleans Parish, Louisiana",923,159
1500000US220710132001,220710132001,"Block Group 1, Census Tract 132, Orleans Parish, Louisiana",1074,211
1500000US220710132002,220710132002,"Block Group 2, Census Tract 132, Orleans Parish, Louisiana",896,204
1500000US220710132003,220710132003,"Block Group 3, Census Tract 132, Orleans Parish, Louisiana",897,193
1500000US220710132004,220710132004,"Block Group 4, Census Tract 132, Orleans Parish, Louisiana",1578,282
1500000US220710133011,220710133011,"Block Group 1, Census Tract 133.01, Orleans Parish, Louisiana",1125,873
1500000US220710133012,220710133012,"Block Group 2, Census Tract 133.01, Orleans Parish, Louisiana",1813,132
1500000US220710133013,220710133013,"Block Group 3, Census Tract 133.01, Orleans Parish, Louisiana",-,**
1500000US220710133014,220710133014,"Block Group 4, Census Tract 133.01, Orleans Parish, Louisiana",1455,358
1500000US220710133021,220710133021,"Block Group 1, Census Tract 133.02, Orleans Parish, Louisiana",636,136
1500000US220710133022,220710133022,"Block Group 2, Census Tract 133.02, Orleans Parish, Louisiana",-,**
1500000US220710134001,220710134001,"Block Group 1, Census Tract 134, Orleans Parish, Louisiana",-,**
1500000US220710134002,220710134002,"Block Group 2, Census Tract 134, Orleans Parish, Louisiana",298,160
1500000US220710134003,220710134003,"Block Group 3, Census Tract 134, Orleans Parish, Louisiana",1418,174
1500000US220710135001,220710135001,"Block Group 1, Census Tract 135, Orleans Parish, Louisiana",1191,114
1500000US220710135002,220710135002,"Block Group 2, Census Tract 135, Orleans Parish, Louisiana",1422,412
1500000US220710135003,220710135003,"Block Group 3, Census Tract 135, Orleans Parish, Louisiana",1159,178
1500000US220710135004,220710135004,"Block Group 4, Census Tract 135, Orleans Parish, Louisiana",1043,262
1500000US220710136001,220710136001,"Block Group 1, Census Tract 136, Orleans Parish, Louisiana",860,315
1500000US220710136002,220710136002,"Block Group 2, Census Tract 136, Orleans Parish, Louisiana",809,215
1500000US220710137001,220710137001,"Block Group 1, Census Tract 137, Orleans Parish, Louisiana",-,**
1500000US220710137002,220710137002,"Block Group 2, Census Tract 137, Orleans Parish, Louisiana",-,**
1500000US220710137003,220710137003,"Block Group 3, Census Tract 137, Orleans Parish, Louisiana",440,237
1500000US220710137004,220710137004,"Block Group 4, Census Tract 137, Orleans Parish, Louisiana",713,402
1500000US220710138001,220710138001,"Block Group 1, Census Tract 138, Orleans Parish, Louisiana",995,146
1500000US220710138002,220710138002,"Block Group 2, Census Tract 138, Orleans Parish, Louisiana",499,647
1500000US220710138003,220710138003,"Block Group 3, Census Tract 138, Orleans Parish, Louisiana",781,73
1500000US220710139001,220710139001,"Block Group 1, Census Tract 139, Orleans Parish, Louisiana",1091,63
1500000US220710139002,220710139002,"Block Group 2, Census Tract 139, Orleans Parish, Louisiana",895,203
1500000US220710140001,220710140001,"Block Group 1, Census Tract 140, Orleans Parish, Louisiana",496,276
1500000US220710140002,220710140002,"Block Group 2, Census Tract 140, Orleans Parish, Louisiana",244,18
1500000US220710140003,220710140003,"Block Group 3, Census Tract 140, Orleans Parish, Louisiana",846,149
1500000US220710140004,220710140004,"Block Group 4, Census Tract 140, Orleans Parish, Louisiana",635,106
1500000US220710141001,220710141001,"Block Group 1, Census Tract 141, Orleans Parish, Louisiana",768,318
1500000US220710141002,220710141002,"Block Group 2, Census Tract 141, Orleans Parish, Louisiana",1021,608
1500000US220710141003,220710141003,"Block Group 3, Census Tract 141, Orleans Parish, Louisiana",784,287
1500000US220710142001,220710142001,"Block Group 1, Census Tract 142, Orleans Parish, Louisiana",1026,117
1500000US220710142002,220710142002,"Block Group 2, Census Tract 142, Orleans Parish, Louisiana",1026,192
1500000US220710142003,220710142003,"Block Group 3, Census Tract 142, Orleans Parish, Louisiana",976,966
1500000US220710143001,220710143001,"Block Group 1, Census Tract 143, Orleans Parish, Louisiana",390,97
1500000US220710143002,220710143002,"Block Group 2, Census Tract 143, Orleans Parish, Louisiana",674,135
1500000US220710143003,220710143003,"Block Group 3, Census Tract 143, Orleans Parish, Louisiana",906,187
1500000US220710144001,220710144001,"Block Group 1, Census Tract 144, Orleans Parish, Louisiana",881,123
1500000US220710144002,220710144002,"Block Group 2, Census Tract 144, Orleans Parish, Louisiana",933,257
1500000US220710144003,220710144003,"Block Group 3, Census Tract 144, Orleans Parish, Louisiana",784,429
1500000US220710145001,220710145001,"Block Group 1, Census Tract 145, Orleans Parish, Louisiana",-,**
1500000US220719800001,220719800001,"Block Group 1, Census Tract 9800, Orleans Parish, Louisiana",-,**
1500000US220719801001,220719801001,"Block Group 1, Census Tract 9801, Orleans Parish, Louisiana",-,**
1500000US220719900000,220719900000,"Block Group 0, Census Tract 9900, Orleans Parish, Louisiana",-,**
